{
  "instance_id": "instance_0145",
  "dataset_name": "ca-HepPh",
  "n_nodes": 15,
  "n_edges": 14,
  "source": 5,
  "dest": 12,
  "K": 4,
  "n_qubits": 75,
  "classical_optimal_length": 3,
  "classical_optimal_path": [
    5,
    9,
    1,
    12
  ],
  "seed": 187,
  "graph_features": {
    "n_nodes": 15.0,
    "n_edges": 14.0,
    "density": 0.13333333333333333,
    "clustering_coefficient": 0.0,
    "transitivity": 0,
    "avg_degree": 1.8666666666666667,
    "diameter": 12.0,
    "radius": 6.0,
    "avg_shortest_path": 4.742857142857143,
    "avg_betweenness_centrality": 0.28791208791208794,
    "max_betweenness_centrality": 0.5824175824175825,
    "avg_closeness_centrality": 0.2204795789252468,
    "avg_degree_centrality": 0.1333333333333333,
    "degree_variance": 0.3822222222222223,
    "degree_skewness": 0.09278633973319093,
    "max_degree": 3.0,
    "min_degree": 1.0,
    "edge_connectivity": 1.0,
    "node_connectivity": 1.0,
    "algebraic_connectivity": 0.05147677772952196
  },
  "routing_features": {
    "path_length_k": 4.0,
    "shortest_path_length": 3.0,
    "k_over_shortest": 1.3333333333333333,
    "source_degree": 1.0,
    "dest_degree": 3.0,
    "source_centrality": 0.07142857142857142,
    "dest_centrality": 0.21428571428571427,
    "hop_distance": 3.0,
    "num_alternative_paths": 1.0
  }
}