{
  "instance_id": "instance_0059",
  "dataset_name": "email-Enron",
  "n_nodes": 10,
  "n_edges": 21,
  "source": 4,
  "dest": 2,
  "K": 5,
  "n_qubits": 60,
  "classical_optimal_length": 3,
  "classical_optimal_path": [
    4,
    8,
    0,
    2
  ],
  "seed": 101,
  "graph_features": {
    "n_nodes": 10.0,
    "n_edges": 21.0,
    "density": 0.4666666666666667,
    "clustering_coefficient": 0.6295238095238095,
    "transitivity": 0.5930232558139535,
    "avg_degree": 4.2,
    "diameter": 3.0,
    "radius": 2.0,
    "avg_shortest_path": 1.6222222222222222,
    "avg_betweenness_centrality": 0.07777777777777777,
    "max_betweenness_centrality": 0.33796296296296285,
    "avg_closeness_centrality": 0.6409906270200387,
    "avg_degree_centrality": 0.4666666666666667,
    "degree_variance": 3.7600000000000002,
    "degree_skewness": 0.21067327583158307,
    "max_degree": 8.0,
    "min_degree": 1.0,
    "edge_connectivity": 1.0,
    "node_connectivity": 1.0,
    "algebraic_connectivity": 0.8399909210844418
  },
  "routing_features": {
    "path_length_k": 5.0,
    "shortest_path_length": 3.0,
    "k_over_shortest": 1.6666666666666667,
    "source_degree": 2.0,
    "dest_degree": 1.0,
    "source_centrality": 0.2222222222222222,
    "dest_centrality": 0.1111111111111111,
    "hop_distance": 3.0,
    "num_alternative_paths": 24.0
  }
}