{
  "instance_id": "instance_0143",
  "dataset_name": "p2p-Gnutella08",
  "n_nodes": 20,
  "n_edges": 24,
  "source": 1,
  "dest": 17,
  "K": 3,
  "n_qubits": 80,
  "classical_optimal_length": 3,
  "classical_optimal_path": [
    1,
    3,
    5,
    17
  ],
  "seed": 185,
  "graph_features": {
    "n_nodes": 20.0,
    "n_edges": 24.0,
    "density": 0.12631578947368421,
    "clustering_coefficient": 0.07499999999999998,
    "transitivity": 0.14285714285714285,
    "avg_degree": 2.4,
    "diameter": 8.0,
    "radius": 4.0,
    "avg_shortest_path": 3.5526315789473686,
    "avg_betweenness_centrality": 0.14181286549707603,
    "max_betweenness_centrality": 0.4434697855750487,
    "avg_closeness_centrality": 0.2947988935087323,
    "avg_degree_centrality": 0.12631578947368421,
    "degree_variance": 0.8400000000000001,
    "degree_skewness": -0.09352195295828206,
    "max_degree": 4.0,
    "min_degree": 1.0,
    "edge_connectivity": 1.0,
    "node_connectivity": 1.0,
    "algebraic_connectivity": 0.10752965682747616
  },
  "routing_features": {
    "path_length_k": 3.0,
    "shortest_path_length": 3.0,
    "k_over_shortest": 1.0,
    "source_degree": 3.0,
    "dest_degree": 3.0,
    "source_centrality": 0.15789473684210525,
    "dest_centrality": 0.15789473684210525,
    "hop_distance": 3.0,
    "num_alternative_paths": 1.0
  }
}