{
  "instance_id": "instance_0123",
  "dataset_name": "p2p-Gnutella08",
  "n_nodes": 15,
  "n_edges": 17,
  "source": 14,
  "dest": 12,
  "K": 6,
  "n_qubits": 105,
  "classical_optimal_length": 6,
  "classical_optimal_path": [
    14,
    13,
    7,
    10,
    5,
    11,
    12
  ],
  "seed": 165,
  "graph_features": {
    "n_nodes": 15.0,
    "n_edges": 17.0,
    "density": 0.1619047619047619,
    "clustering_coefficient": 0.05555555555555555,
    "transitivity": 0.1111111111111111,
    "avg_degree": 2.2666666666666666,
    "diameter": 10.0,
    "radius": 5.0,
    "avg_shortest_path": 3.780952380952381,
    "avg_betweenness_centrality": 0.2139194139194139,
    "max_betweenness_centrality": 0.532967032967033,
    "avg_closeness_centrality": 0.27829658403099533,
    "avg_degree_centrality": 0.16190476190476186,
    "degree_variance": 0.7288888888888891,
    "degree_skewness": 0.1037984149137687,
    "max_degree": 4.0,
    "min_degree": 1.0,
    "edge_connectivity": 1.0,
    "node_connectivity": 1.0,
    "algebraic_connectivity": 0.08540509501430245
  },
  "routing_features": {
    "path_length_k": 6.0,
    "shortest_path_length": 6.0,
    "k_over_shortest": 1.0,
    "source_degree": 2.0,
    "dest_degree": 1.0,
    "source_centrality": 0.14285714285714285,
    "dest_centrality": 0.07142857142857142,
    "hop_distance": 6.0,
    "num_alternative_paths": 1.0
  }
}