{
  "instance_id": "instance_0021",
  "dataset_name": "ca-GrQc",
  "n_nodes": 15,
  "n_edges": 19,
  "source": 12,
  "dest": 10,
  "K": 5,
  "n_qubits": 90,
  "classical_optimal_length": 4,
  "classical_optimal_path": [
    12,
    3,
    14,
    6,
    10
  ],
  "seed": 63,
  "graph_features": {
    "n_nodes": 15.0,
    "n_edges": 19.0,
    "density": 0.18095238095238095,
    "clustering_coefficient": 0.588888888888889,
    "transitivity": 0.42857142857142855,
    "avg_degree": 2.533333333333333,
    "diameter": 8.0,
    "radius": 4.0,
    "avg_shortest_path": 3.4761904761904763,
    "avg_betweenness_centrality": 0.1904761904761905,
    "max_betweenness_centrality": 0.5274725274725275,
    "avg_closeness_centrality": 0.30099618361588315,
    "avg_degree_centrality": 0.18095238095238092,
    "degree_variance": 0.7822222222222224,
    "degree_skewness": 0.4771074401415183,
    "max_degree": 4.0,
    "min_degree": 1.0,
    "edge_connectivity": 1.0,
    "node_connectivity": 1.0,
    "algebraic_connectivity": 0.09899410272155881
  },
  "routing_features": {
    "path_length_k": 5.0,
    "shortest_path_length": 4.0,
    "k_over_shortest": 1.25,
    "source_degree": 2.0,
    "dest_degree": 2.0,
    "source_centrality": 0.14285714285714285,
    "dest_centrality": 0.14285714285714285,
    "hop_distance": 4.0,
    "num_alternative_paths": 4.0
  }
}