{
  "instance_id": "instance_0012",
  "dataset_name": "ca-GrQc",
  "n_nodes": 10,
  "n_edges": 11,
  "source": 0,
  "dest": 6,
  "K": 4,
  "n_qubits": 50,
  "classical_optimal_length": 3,
  "classical_optimal_path": [
    0,
    4,
    8,
    6
  ],
  "seed": 54,
  "graph_features": {
    "n_nodes": 10.0,
    "n_edges": 11.0,
    "density": 0.24444444444444444,
    "clustering_coefficient": 0.38333333333333336,
    "transitivity": 0.35294117647058826,
    "avg_degree": 2.2,
    "diameter": 6.0,
    "radius": 3.0,
    "avg_shortest_path": 2.911111111111111,
    "avg_betweenness_centrality": 0.23888888888888893,
    "max_betweenness_centrality": 0.5555555555555556,
    "avg_closeness_centrality": 0.3550776235258994,
    "avg_degree_centrality": 0.2444444444444444,
    "degree_variance": 0.76,
    "degree_skewness": 0.5071295169770308,
    "max_degree": 4.0,
    "min_degree": 1.0,
    "edge_connectivity": 1.0,
    "node_connectivity": 1.0,
    "algebraic_connectivity": 0.1366447681134383
  },
  "routing_features": {
    "path_length_k": 4.0,
    "shortest_path_length": 3.0,
    "k_over_shortest": 1.3333333333333333,
    "source_degree": 2.0,
    "dest_degree": 2.0,
    "source_centrality": 0.2222222222222222,
    "dest_centrality": 0.2222222222222222,
    "hop_distance": 3.0,
    "num_alternative_paths": 2.0
  }
}