{
  "instance_id": "instance_0045",
  "dataset_name": "ca-GrQc",
  "n_nodes": 20,
  "n_edges": 32,
  "source": 9,
  "dest": 13,
  "K": 3,
  "n_qubits": 80,
  "classical_optimal_length": 3,
  "classical_optimal_path": [
    9,
    6,
    8,
    13
  ],
  "seed": 87,
  "graph_features": {
    "n_nodes": 20.0,
    "n_edges": 32.0,
    "density": 0.16842105263157894,
    "clustering_coefficient": 0.5650000000000001,
    "transitivity": 0.5052631578947369,
    "avg_degree": 3.2,
    "diameter": 8.0,
    "radius": 4.0,
    "avg_shortest_path": 3.468421052631579,
    "avg_betweenness_centrality": 0.1371345029239766,
    "max_betweenness_centrality": 0.6081871345029239,
    "avg_closeness_centrality": 0.29687139634718385,
    "avg_degree_centrality": 0.16842105263157894,
    "degree_variance": 2.46,
    "degree_skewness": 0.44474863399052345,
    "max_degree": 6.0,
    "min_degree": 1.0,
    "edge_connectivity": 1.0,
    "node_connectivity": 1.0,
    "algebraic_connectivity": 0.07541890225564885
  },
  "routing_features": {
    "path_length_k": 3.0,
    "shortest_path_length": 3.0,
    "k_over_shortest": 1.0,
    "source_degree": 5.0,
    "dest_degree": 1.0,
    "source_centrality": 0.2631578947368421,
    "dest_centrality": 0.05263157894736842,
    "hop_distance": 3.0,
    "num_alternative_paths": 2.0
  }
}