{
  "instance_id": "instance_0187",
  "dataset_name": "ca-HepPh",
  "n_nodes": 30,
  "n_edges": 110,
  "source": 25,
  "dest": 16,
  "K": 5,
  "n_qubits": 180,
  "classical_optimal_length": 5,
  "classical_optimal_path": [
    25,
    4,
    29,
    3,
    8,
    16
  ],
  "seed": 229,
  "graph_features": {
    "n_nodes": 30.0,
    "n_edges": 110.0,
    "density": 0.25287356321839083,
    "clustering_coefficient": 0.6577092352092352,
    "transitivity": 0.7343096234309623,
    "avg_degree": 7.333333333333333,
    "diameter": 7.0,
    "radius": 4.0,
    "avg_shortest_path": 2.6206896551724137,
    "avg_betweenness_centrality": 0.05788177339901478,
    "max_betweenness_centrality": 0.3502814919071076,
    "avg_closeness_centrality": 0.4092054079548331,
    "avg_degree_centrality": 0.25287356321839083,
    "degree_variance": 17.288888888888888,
    "degree_skewness": 0.30057443249640514,
    "max_degree": 16.0,
    "min_degree": 1.0,
    "edge_connectivity": 1.0,
    "node_connectivity": 1.0,
    "algebraic_connectivity": 0.10108231449472373
  },
  "routing_features": {
    "path_length_k": 5.0,
    "shortest_path_length": 5.0,
    "k_over_shortest": 1.0,
    "source_degree": 13.0,
    "dest_degree": 2.0,
    "source_centrality": 0.4482758620689655,
    "dest_centrality": 0.06896551724137931,
    "hop_distance": 5.0,
    "num_alternative_paths": 1.0
  }
}