{
  "instance_id": "instance_0192",
  "dataset_name": "ca-HepPh",
  "n_nodes": 15,
  "n_edges": 15,
  "source": 5,
  "dest": 7,
  "K": 6,
  "n_qubits": 105,
  "classical_optimal_length": 4,
  "classical_optimal_path": [
    5,
    6,
    10,
    2,
    7
  ],
  "seed": 234,
  "graph_features": {
    "n_nodes": 15.0,
    "n_edges": 15.0,
    "density": 0.14285714285714285,
    "clustering_coefficient": 0.1,
    "transitivity": 0.15789473684210525,
    "avg_degree": 2.0,
    "diameter": 11.0,
    "radius": 6.0,
    "avg_shortest_path": 4.419047619047619,
    "avg_betweenness_centrality": 0.26300366300366307,
    "max_betweenness_centrality": 0.6263736263736264,
    "avg_closeness_centrality": 0.2372305749145285,
    "avg_degree_centrality": 0.14285714285714285,
    "degree_variance": 0.5333333333333333,
    "degree_skewness": 1.0269797953221864,
    "max_degree": 4.0,
    "min_degree": 1.0,
    "edge_connectivity": 1.0,
    "node_connectivity": 1.0,
    "algebraic_connectivity": 0.05772337370290785
  },
  "routing_features": {
    "path_length_k": 6.0,
    "shortest_path_length": 4.0,
    "k_over_shortest": 1.5,
    "source_degree": 2.0,
    "dest_degree": 2.0,
    "source_centrality": 0.14285714285714285,
    "dest_centrality": 0.14285714285714285,
    "hop_distance": 4.0,
    "num_alternative_paths": 2.0
  }
}