{
  "instance_id": "instance_0119",
  "dataset_name": "p2p-Gnutella08",
  "n_nodes": 15,
  "n_edges": 14,
  "source": 2,
  "dest": 12,
  "K": 5,
  "n_qubits": 90,
  "classical_optimal_length": 5,
  "classical_optimal_path": [
    2,
    13,
    10,
    14,
    0,
    12
  ],
  "seed": 161,
  "graph_features": {
    "n_nodes": 15.0,
    "n_edges": 14.0,
    "density": 0.13333333333333333,
    "clustering_coefficient": 0.0,
    "transitivity": 0,
    "avg_degree": 1.8666666666666667,
    "diameter": 11.0,
    "radius": 6.0,
    "avg_shortest_path": 4.457142857142857,
    "avg_betweenness_centrality": 0.265934065934066,
    "max_betweenness_centrality": 0.5824175824175825,
    "avg_closeness_centrality": 0.23388598938817912,
    "avg_degree_centrality": 0.1333333333333333,
    "degree_variance": 0.5155555555555557,
    "degree_skewness": 0.20330437886625505,
    "max_degree": 3.0,
    "min_degree": 1.0,
    "edge_connectivity": 1.0,
    "node_connectivity": 1.0,
    "algebraic_connectivity": 0.05616363425145622
  },
  "routing_features": {
    "path_length_k": 5.0,
    "shortest_path_length": 5.0,
    "k_over_shortest": 1.0,
    "source_degree": 2.0,
    "dest_degree": 2.0,
    "source_centrality": 0.14285714285714285,
    "dest_centrality": 0.14285714285714285,
    "hop_distance": 5.0,
    "num_alternative_paths": 1.0
  }
}