{
  "instance_id": "instance_0181",
  "dataset_name": "ca-HepPh",
  "n_nodes": 30,
  "n_edges": 150,
  "source": 9,
  "dest": 0,
  "K": 6,
  "n_qubits": 210,
  "classical_optimal_length": 3,
  "classical_optimal_path": [
    9,
    17,
    27,
    0
  ],
  "seed": 223,
  "graph_features": {
    "n_nodes": 30.0,
    "n_edges": 150.0,
    "density": 0.3448275862068966,
    "clustering_coefficient": 0.8141619981325863,
    "transitivity": 0.918848167539267,
    "avg_degree": 10.0,
    "diameter": 5.0,
    "radius": 3.0,
    "avg_shortest_path": 2.075862068965517,
    "avg_betweenness_centrality": 0.03842364532019705,
    "max_betweenness_centrality": 0.5270935960591133,
    "avg_closeness_centrality": 0.5072676387312349,
    "avg_degree_centrality": 0.3448275862068966,
    "degree_variance": 37.333333333333336,
    "degree_skewness": -0.13063847803860063,
    "max_degree": 21.0,
    "min_degree": 1.0,
    "edge_connectivity": 1.0,
    "node_connectivity": 1.0,
    "algebraic_connectivity": 0.31435938851312933
  },
  "routing_features": {
    "path_length_k": 6.0,
    "shortest_path_length": 3.0,
    "k_over_shortest": 2.0,
    "source_degree": 4.0,
    "dest_degree": 15.0,
    "source_centrality": 0.13793103448275862,
    "dest_centrality": 0.5172413793103449,
    "hop_distance": 3.0,
    "num_alternative_paths": 3989.0
  }
}