{
  "instance_id": "instance_0190",
  "dataset_name": "ca-HepPh",
  "n_nodes": 30,
  "n_edges": 129,
  "source": 5,
  "dest": 2,
  "K": 4,
  "n_qubits": 150,
  "classical_optimal_length": 4,
  "classical_optimal_path": [
    5,
    27,
    29,
    25,
    2
  ],
  "seed": 232,
  "graph_features": {
    "n_nodes": 30.0,
    "n_edges": 129.0,
    "density": 0.296551724137931,
    "clustering_coefficient": 0.9117909867909869,
    "transitivity": 0.9007633587786259,
    "avg_degree": 8.6,
    "diameter": 7.0,
    "radius": 4.0,
    "avg_shortest_path": 2.9172413793103447,
    "avg_betweenness_centrality": 0.0684729064039409,
    "max_betweenness_centrality": 0.5172413793103449,
    "avg_closeness_centrality": 0.353369852183649,
    "avg_degree_centrality": 0.296551724137931,
    "degree_variance": 13.239999999999997,
    "degree_skewness": -0.14629649379085316,
    "max_degree": 13.0,
    "min_degree": 3.0,
    "edge_connectivity": 1.0,
    "node_connectivity": 1.0,
    "algebraic_connectivity": 0.08302377429740378
  },
  "routing_features": {
    "path_length_k": 4.0,
    "shortest_path_length": 4.0,
    "k_over_shortest": 1.0,
    "source_degree": 13.0,
    "dest_degree": 7.0,
    "source_centrality": 0.4482758620689655,
    "dest_centrality": 0.24137931034482757,
    "hop_distance": 4.0,
    "num_alternative_paths": 1.0
  }
}