{
  "instance_id": "instance_0010",
  "dataset_name": "ca-GrQc",
  "n_nodes": 10,
  "n_edges": 13,
  "source": 5,
  "dest": 4,
  "K": 3,
  "n_qubits": 40,
  "classical_optimal_length": 3,
  "classical_optimal_path": [
    5,
    2,
    9,
    4
  ],
  "seed": 52,
  "graph_features": {
    "n_nodes": 10.0,
    "n_edges": 13.0,
    "density": 0.28888888888888886,
    "clustering_coefficient": 0.3333333333333333,
    "transitivity": 0.5172413793103449,
    "avg_degree": 2.6,
    "diameter": 5.0,
    "radius": 3.0,
    "avg_shortest_path": 2.511111111111111,
    "avg_betweenness_centrality": 0.18888888888888888,
    "max_betweenness_centrality": 0.5555555555555556,
    "avg_closeness_centrality": 0.41721307201570357,
    "avg_degree_centrality": 0.28888888888888886,
    "degree_variance": 1.6400000000000001,
    "degree_skewness": -0.0799914390161156,
    "max_degree": 4.0,
    "min_degree": 1.0,
    "edge_connectivity": 1.0,
    "node_connectivity": 1.0,
    "algebraic_connectivity": 0.1939182690602484
  },
  "routing_features": {
    "path_length_k": 3.0,
    "shortest_path_length": 3.0,
    "k_over_shortest": 1.0,
    "source_degree": 2.0,
    "dest_degree": 2.0,
    "source_centrality": 0.2222222222222222,
    "dest_centrality": 0.2222222222222222,
    "hop_distance": 3.0,
    "num_alternative_paths": 2.0
  }
}