{
  "instance_id": "instance_0035",
  "dataset_name": "ca-GrQc",
  "n_nodes": 20,
  "n_edges": 74,
  "source": 9,
  "dest": 0,
  "K": 3,
  "n_qubits": 80,
  "classical_optimal_length": 3,
  "classical_optimal_path": [
    9,
    6,
    10,
    0
  ],
  "seed": 77,
  "graph_features": {
    "n_nodes": 20.0,
    "n_edges": 74.0,
    "density": 0.3894736842105263,
    "clustering_coefficient": 0.8271328671328672,
    "transitivity": 0.7762938230383973,
    "avg_degree": 7.4,
    "diameter": 4.0,
    "radius": 2.0,
    "avg_shortest_path": 1.8263157894736841,
    "avg_betweenness_centrality": 0.04590643274853801,
    "max_betweenness_centrality": 0.3208020050125313,
    "avg_closeness_centrality": 0.5654499073057698,
    "avg_degree_centrality": 0.3894736842105263,
    "degree_variance": 12.540000000000001,
    "degree_skewness": -0.12187411728274292,
    "max_degree": 13.0,
    "min_degree": 2.0,
    "edge_connectivity": 2.0,
    "node_connectivity": 2.0,
    "algebraic_connectivity": 0.6807364225806138
  },
  "routing_features": {
    "path_length_k": 3.0,
    "shortest_path_length": 3.0,
    "k_over_shortest": 1.0,
    "source_degree": 2.0,
    "dest_degree": 10.0,
    "source_centrality": 0.10526315789473684,
    "dest_centrality": 0.5263157894736842,
    "hop_distance": 3.0,
    "num_alternative_paths": 1.0
  }
}