{
  "instance_id": "instance_0161",
  "dataset_name": "ca-HepPh",
  "n_nodes": 20,
  "n_edges": 50,
  "source": 14,
  "dest": 2,
  "K": 3,
  "n_qubits": 80,
  "classical_optimal_length": 3,
  "classical_optimal_path": [
    14,
    13,
    3,
    2
  ],
  "seed": 203,
  "graph_features": {
    "n_nodes": 20.0,
    "n_edges": 50.0,
    "density": 0.2631578947368421,
    "clustering_coefficient": 0.47664862914862915,
    "transitivity": 0.5833333333333334,
    "avg_degree": 5.0,
    "diameter": 5.0,
    "radius": 3.0,
    "avg_shortest_path": 2.2263157894736842,
    "avg_betweenness_centrality": 0.06812865497076023,
    "max_betweenness_centrality": 0.2971734892787524,
    "avg_closeness_centrality": 0.47097868118346636,
    "avg_degree_centrality": 0.26315789473684215,
    "degree_variance": 8.8,
    "degree_skewness": 0.28730107775422253,
    "max_degree": 11.0,
    "min_degree": 1.0,
    "edge_connectivity": 1.0,
    "node_connectivity": 1.0,
    "algebraic_connectivity": 0.3402968822152535
  },
  "routing_features": {
    "path_length_k": 3.0,
    "shortest_path_length": 3.0,
    "k_over_shortest": 1.0,
    "source_degree": 2.0,
    "dest_degree": 6.0,
    "source_centrality": 0.10526315789473684,
    "dest_centrality": 0.3157894736842105,
    "hop_distance": 3.0,
    "num_alternative_paths": 3.0
  }
}