{
  "instance_id": "instance_0070",
  "dataset_name": "email-Enron",
  "n_nodes": 15,
  "n_edges": 18,
  "source": 5,
  "dest": 6,
  "K": 6,
  "n_qubits": 105,
  "classical_optimal_length": 4,
  "classical_optimal_path": [
    5,
    14,
    13,
    12,
    6
  ],
  "seed": 112,
  "graph_features": {
    "n_nodes": 15.0,
    "n_edges": 18.0,
    "density": 0.17142857142857143,
    "clustering_coefficient": 0.20444444444444443,
    "transitivity": 0.375,
    "avg_degree": 2.4,
    "diameter": 11.0,
    "radius": 6.0,
    "avg_shortest_path": 4.085714285714285,
    "avg_betweenness_centrality": 0.23736263736263735,
    "max_betweenness_centrality": 0.5274725274725275,
    "avg_closeness_centrality": 0.25898945939929724,
    "avg_degree_centrality": 0.1714285714285714,
    "degree_variance": 0.9066666666666667,
    "degree_skewness": 0.9822552942372954,
    "max_degree": 5.0,
    "min_degree": 1.0,
    "edge_connectivity": 1.0,
    "node_connectivity": 1.0,
    "algebraic_connectivity": 0.0709906638153641
  },
  "routing_features": {
    "path_length_k": 6.0,
    "shortest_path_length": 4.0,
    "k_over_shortest": 1.5,
    "source_degree": 1.0,
    "dest_degree": 3.0,
    "source_centrality": 0.07142857142857142,
    "dest_centrality": 0.21428571428571427,
    "hop_distance": 4.0,
    "num_alternative_paths": 3.0
  }
}