{
  "instance_id": "instance_0166",
  "dataset_name": "ca-HepPh",
  "n_nodes": 20,
  "n_edges": 62,
  "source": 3,
  "dest": 10,
  "K": 6,
  "n_qubits": 140,
  "classical_optimal_length": 5,
  "classical_optimal_path": [
    3,
    9,
    17,
    14,
    11,
    10
  ],
  "seed": 208,
  "graph_features": {
    "n_nodes": 20.0,
    "n_edges": 62.0,
    "density": 0.3263157894736842,
    "clustering_coefficient": 0.605909090909091,
    "transitivity": 0.8707482993197279,
    "avg_degree": 6.2,
    "diameter": 5.0,
    "radius": 3.0,
    "avg_shortest_path": 2.4263157894736844,
    "avg_betweenness_centrality": 0.07923976608187133,
    "max_betweenness_centrality": 0.5146198830409356,
    "avg_closeness_centrality": 0.43080332154961704,
    "avg_degree_centrality": 0.3263157894736842,
    "degree_variance": 11.860000000000001,
    "degree_skewness": -0.19890370882063962,
    "max_degree": 11.0,
    "min_degree": 1.0,
    "edge_connectivity": 1.0,
    "node_connectivity": 1.0,
    "algebraic_connectivity": 0.23502640420075777
  },
  "routing_features": {
    "path_length_k": 6.0,
    "shortest_path_length": 5.0,
    "k_over_shortest": 1.2,
    "source_degree": 1.0,
    "dest_degree": 9.0,
    "source_centrality": 0.05263157894736842,
    "dest_centrality": 0.47368421052631576,
    "hop_distance": 5.0,
    "num_alternative_paths": 24.0
  }
}