{
  "instance_id": "instance_0124",
  "dataset_name": "p2p-Gnutella08",
  "n_nodes": 15,
  "n_edges": 17,
  "source": 7,
  "dest": 4,
  "K": 4,
  "n_qubits": 75,
  "classical_optimal_length": 4,
  "classical_optimal_path": [
    7,
    10,
    1,
    0,
    4
  ],
  "seed": 166,
  "graph_features": {
    "n_nodes": 15.0,
    "n_edges": 17.0,
    "density": 0.1619047619047619,
    "clustering_coefficient": 0.1111111111111111,
    "transitivity": 0.125,
    "avg_degree": 2.2666666666666666,
    "diameter": 10.0,
    "radius": 5.0,
    "avg_shortest_path": 4.152380952380953,
    "avg_betweenness_centrality": 0.2424908424908425,
    "max_betweenness_centrality": 0.5274725274725275,
    "avg_closeness_centrality": 0.25181848907287574,
    "avg_degree_centrality": 0.16190476190476188,
    "degree_variance": 0.32888888888888884,
    "degree_skewness": -0.08168752992808924,
    "max_degree": 3.0,
    "min_degree": 1.0,
    "edge_connectivity": 1.0,
    "node_connectivity": 1.0,
    "algebraic_connectivity": 0.06465141256620541
  },
  "routing_features": {
    "path_length_k": 4.0,
    "shortest_path_length": 4.0,
    "k_over_shortest": 1.0,
    "source_degree": 2.0,
    "dest_degree": 2.0,
    "source_centrality": 0.14285714285714285,
    "dest_centrality": 0.14285714285714285,
    "hop_distance": 4.0,
    "num_alternative_paths": 1.0
  }
}