{
  "instance_id": "instance_0027",
  "dataset_name": "ca-GrQc",
  "n_nodes": 15,
  "n_edges": 19,
  "source": 8,
  "dest": 9,
  "K": 3,
  "n_qubits": 60,
  "classical_optimal_length": 3,
  "classical_optimal_path": [
    8,
    1,
    7,
    9
  ],
  "seed": 69,
  "graph_features": {
    "n_nodes": 15.0,
    "n_edges": 19.0,
    "density": 0.18095238095238095,
    "clustering_coefficient": 0.5444444444444444,
    "transitivity": 0.4166666666666667,
    "avg_degree": 2.533333333333333,
    "diameter": 7.0,
    "radius": 4.0,
    "avg_shortest_path": 3.2476190476190476,
    "avg_betweenness_centrality": 0.1728937728937729,
    "max_betweenness_centrality": 0.5384615384615385,
    "avg_closeness_centrality": 0.3205474606986235,
    "avg_degree_centrality": 0.18095238095238092,
    "degree_variance": 0.9155555555555558,
    "degree_skewness": 0.1332586444810185,
    "max_degree": 4.0,
    "min_degree": 1.0,
    "edge_connectivity": 1.0,
    "node_connectivity": 1.0,
    "algebraic_connectivity": 0.1143161492988562
  },
  "routing_features": {
    "path_length_k": 3.0,
    "shortest_path_length": 3.0,
    "k_over_shortest": 1.0,
    "source_degree": 3.0,
    "dest_degree": 4.0,
    "source_centrality": 0.21428571428571427,
    "dest_centrality": 0.2857142857142857,
    "hop_distance": 3.0,
    "num_alternative_paths": 1.0
  }
}