{
  "instance_id": "instance_0007",
  "dataset_name": "ca-GrQc",
  "n_nodes": 10,
  "n_edges": 17,
  "source": 9,
  "dest": 4,
  "K": 4,
  "n_qubits": 50,
  "classical_optimal_length": 3,
  "classical_optimal_path": [
    9,
    2,
    0,
    4
  ],
  "seed": 49,
  "graph_features": {
    "n_nodes": 10.0,
    "n_edges": 17.0,
    "density": 0.37777777777777777,
    "clustering_coefficient": 0.7,
    "transitivity": 0.7333333333333333,
    "avg_degree": 3.4,
    "diameter": 5.0,
    "radius": 3.0,
    "avg_shortest_path": 2.2444444444444445,
    "avg_betweenness_centrality": 0.15555555555555553,
    "max_betweenness_centrality": 0.5555555555555556,
    "avg_closeness_centrality": 0.46304763584594266,
    "avg_degree_centrality": 0.37777777777777777,
    "degree_variance": 0.8400000000000001,
    "degree_skewness": -1.6522211689296558,
    "max_degree": 4.0,
    "min_degree": 1.0,
    "edge_connectivity": 1.0,
    "node_connectivity": 1.0,
    "algebraic_connectivity": 0.2679491924311229
  },
  "routing_features": {
    "path_length_k": 4.0,
    "shortest_path_length": 3.0,
    "k_over_shortest": 1.3333333333333333,
    "source_degree": 4.0,
    "dest_degree": 4.0,
    "source_centrality": 0.4444444444444444,
    "dest_centrality": 0.4444444444444444,
    "hop_distance": 3.0,
    "num_alternative_paths": 9.0
  }
}