{
  "instance_id": "instance_0024",
  "dataset_name": "ca-GrQc",
  "n_nodes": 15,
  "n_edges": 18,
  "source": 10,
  "dest": 9,
  "K": 6,
  "n_qubits": 105,
  "classical_optimal_length": 5,
  "classical_optimal_path": [
    10,
    5,
    1,
    6,
    3,
    9
  ],
  "seed": 66,
  "graph_features": {
    "n_nodes": 15.0,
    "n_edges": 18.0,
    "density": 0.17142857142857143,
    "clustering_coefficient": 0.34444444444444444,
    "transitivity": 0.45454545454545453,
    "avg_degree": 2.4,
    "diameter": 9.0,
    "radius": 5.0,
    "avg_shortest_path": 3.8285714285714287,
    "avg_betweenness_centrality": 0.21758241758241761,
    "max_betweenness_centrality": 0.5384615384615385,
    "avg_closeness_centrality": 0.27254069642957685,
    "avg_degree_centrality": 0.17142857142857143,
    "degree_variance": 1.04,
    "degree_skewness": 0.27154541788363945,
    "max_degree": 4.0,
    "min_degree": 1.0,
    "edge_connectivity": 1.0,
    "node_connectivity": 1.0,
    "algebraic_connectivity": 0.07398602952640426
  },
  "routing_features": {
    "path_length_k": 6.0,
    "shortest_path_length": 5.0,
    "k_over_shortest": 1.2,
    "source_degree": 2.0,
    "dest_degree": 1.0,
    "source_centrality": 0.14285714285714285,
    "dest_centrality": 0.07142857142857142,
    "hop_distance": 5.0,
    "num_alternative_paths": 3.0
  }
}